{"initial_reset_timestamp": 1595711832.237062, "timestamps": [1595711833.6889951], "episode_lengths": [10], "episode_rewards": [0.0], "episode_types": ["t"]}