{"initial_reset_timestamp": 1595711851.2573109, "timestamps": [1595711852.701581], "episode_lengths": [10], "episode_rewards": [0.0], "episode_types": ["t"]}