{"initial_reset_timestamp": 1595867510.87232, "timestamps": [1595867513.64783, 1595867514.7476108, 1595867515.692893, 1595867516.867367, 1595867517.575597, 1595867518.409387, 1595867519.4101272, 1595867520.330428, 1595867521.277699, 1595867522.297524, 1595867523.008476, 1595867523.928915, 1595867524.559637], "episode_lengths": [287, 149, 162, 201, 125, 135, 175, 159, 147, 174, 123, 159, 4], "episode_rewards": [18.0, 6.0, 5.0, 13.0, 6.0, 7.0, 8.0, 10.0, 6.0, 15.0, 6.0, 7.0, 0.0], "episode_types": ["t", "t", "t", "t", "t", "t", "t", "t", "t", "t", "t", "t", "t"]}